Designator,Val,Package,Mid X,Mid Y,Rotation,Layer
"C1","10u","C_0603_1608Metric",136.398000,-101.346000,90.000000,top
"R1","47k","R_0603_1608Metric",134.620000,-107.696000,90.000000,top
"R2","47k","R_0603_1608Metric",136.398000,-107.696000,90.000000,top
"R3","47k","R_0603_1608Metric",136.398000,-94.996000,-90.000000,top
